AuthorId,ConfirmedPaperIds,DeletedPaperIds
1400685,1619880 2006883 1476381 1684638 1730940 152668 1898559 359770 390350 490304 514058 1474574 624831 656970 1595976 1599200 1883117 1917489 2015334 910568 914207,1928277 1599016 2043601 70765 86025 258767 310130 323001 338006 361929 1097448 1210332 576571 1414163 1463886 1516398 1531053 636282 1760722 749451 1822718 828106 2015334 2057964 858948 873124 2196658
1168179,1065591 1648654 54252 60589 90853 1301475 1739771 1015496 242356 1556768 306277 1148341 477860 1279995 1376996 1393024 1403164 581826 1538069 1587360 1872674 802324 2175832,1065591 1648654 54252 90853 1321535 956610 1015496 177082 1381509 242356 1556768 306277 2067821 2160902 942798 965774 438431 1148341 1150499 477860 1279995 1376996 1393024 1403164 581826 608282 1525467 1538069 1587360 1648827 1713803 1716836 802324 2175832
1264644,1296466,865855
1460424,310988 1163538 803282 1998497 2016705,1389090
1534492,4446 1871402 102240 274336 319590 1178462 1731470 1755591 2114562,1447894 1584387 100744 1275078 220179 259250 1578142 1758091 323615 1919419 351455 472193 501897 1413388 621718 1668770 1954829 2173438
10147,1062491 2118070 1127262 215367 1293759 222067 2062534 945263 1093253 563198 1367592 586013 1505055 1666808 1815361 1883446 1886856 1909320 2114623 2125606 2135251 2136708 893032 2229711 923727,52958 1014656 261649 1859790 1855297 2141759
2077212,46570 1642550 344027 950686 1066379 1067007 1176513 539726 1347438 1399537 1912999 813074 2049604 2253748,459173 1313639 552466 559648 1745517 2059814
996413,1577154 1569052 1272293 1387902 598470 825873 2167413 2180729,1317453 152823 584595 1485782 1657924 1696317 1703975 2077843 2126210 880791
11931,2248058 2078020 1552703 1099621 1253173 217028 219527 1328126 1400139 271018 364510 371033 2199183 1027168 444607 445821 467500 1161214 478737 1220367 550245 1403395 587330 1433323 1485218 1530862 1584912 700853 1707614 1708875 1730483 1821148 1876372 790071 1939314 2079274 2109316 871909 896241 2190575,1247341 1872503 332818 985892 552137
1039418,174409 184410 201730 282293 1939958 1236140 1245794 766321 834499 2164656,36286 1251262
1065171,106170 1107249 1321728 1599379 1136687 622045 723308,106170
13098,226411 284747 317187 1264419 630828 843380,1687527 1480336 263766 1958185 1078058 1563565 1864407 921998
1119431,635171 1695563,625399
1481749,28116 980860 956680 1003817 82609 2039082 2105126 1438687 244458 1448241 1808955 345409 346281 2135700 2148283 375914 395053 437937 451060 516522 531605 560403 567307 593769 1528748 1651872 1691747 757904 1967166 837870 873697 898539,1919638 130037 1009829 1292306 736792 1887585
17869,1241714 470474,1987446
1571991,22784 1602820 248656 785278 870394,1555357 1297460 1062525 82391 85130 85413 1372565 131961 2238358 178952 1287824 1560729 1604731 1745982 1821140 369588 395556 974133 1034302 1074276 566806 585251 1497211 739614 752349 1852739 811631 848203 886217 912985
21713,67793 2074171 212363 1427411 1632893 306751 348005 2153442 567281 653299 1636289 1655730 834549 837083,27847 123767 1791496
1846993,1165650,53634 1045796 1830615 1518908 301377 353206 1010112 423464 551518 632807 1590151 757485
1957675,1545438 263270 1837679 822944 2092128,307634 1419532
24115,112237 1187392 205532 1719519 1558052 707078 831804,1384088
26863,1235185 555866 1563341,289872 2110927 1184851 1632606
948613,216876 1640192,5866
995963,1097281 1477405 1720765 1885985 2136726 98327 2021000 145578 1133581 1153101 1158100 1217900 1417673 1437328 258454 295460 2125422 367412 2244091 1004562 1050002 435718 1070377 471457 1639763 1660164 1680931 753581 765047 1906607 1908663 793016 793996 1933697 1937382 804200 2041537 2062366 887472 2181823 2185377 904601 2233670 925456,219094 1078942 1203967 521887
29349,261271 1076918 550204 1601466 677913 779070,1348561
30602,1483281 377575 522132 1460222 1807303 800493 803927 2032138,320071
36328,201003 202617 1292416 1427711 265989 267410 453512 1759229 767114 1939365,971958 1690940 2058194 246187 270633 1649782 1884275 363692 427545 1077406 1186867 1231827 1366380 1407345 1501974 1526117 638726 1775257 1886208 2050516 850050 2078768 911077 2218696
1320169,1073572 206856 1242002 233369 1423142 250316 359758 2163479 401816 432721 1094382 1128945 1173661 1228451 1241390 1339170 1615978 713201 1763802 1917095 1972738 812129,2051515
1327205,1785098,1376240
1453084,84496 977084 1534768 2094990,4875 10908 957917 81410 108718 2254296 162546 979591 1084618 210390 1380519 1645521 2224773 378058 1076527 1082259 450950 1122504 1269563 1347959 1485365 1557341 643992 1569196 1570454 647526 669257 1719970 743660 782689 1966356 2002608 2247021
43643,1107287 2248425 1192540 1352454 1582574 1891409 523257 571688 653648 1590117 744206 1988227,1107287 2248425 446702 1590117 744206
1597280,2207273 2236503 395353 567766 629508 745150 784620 1916439 1949730 2002973 885836 906870,966820 533099 555409
47797,312200,454360
1742948,13394 25140 1903880 61079 1149014 1251502 92009 1828053 1289644 1291906 245732 1471269 2019297 377807 1081151 1706256 1880671 782914 787126 1936559 799430 1996480 841088 2184808,1066337 129968 283661 1979466 1080782 1349124 658047 2010889
1830618,1536882 2251070 1769268 1108177 668236 891204 901906,26339 1563431 1685155 386113 976994 449856 1105348 1286335 727529 2100741 925803
52904,1091838 1082109 1763324 202907 262618 285257 1794343 1839516 2221661 390637 1302835 1418685 1623003 711418 1738589 743763 759416 771466 786348,1662868 1079155 189443 233860 314185 2022111 438297 445717 1131270 1297531 1340776 680485 1653452 1925668 802486 2110549 897803 2252679
1961343,1621401 1218025 1114816 226974 1673539 1727901 1193942 655855 689009 756606 1894087 2015966,1497374 1469321
58132,47301,1748542 1330458 704522
58885,2039735 43567 1773690 1940357 144666 1644673 281073 1734832 2028045 1004076 1038135 1052333 1144878 478422 1323381 1509459 1563594 1678683 1709164 1825514 1845506 1972867 1986650 835807 838995 898331 2214453,1732414 1661088
2164445,4199 1504471 1054288 175231 1494769 1594479 305021 351446 993297 1063953 1084225 1152390 1182786 1266778 583815 1441589 1493085 628742 1558019 1729978 717215 1766466 828616,132009 2008918
65069,249175 1476347,17509 1473789 1916530 135013 266234 2235589 463855 576584 1418721 1486757 697331 1771791 838568
2259851,942095 70458 1499047 2191143 1624694 353889 493569 757368 2145354 904495,1267663 257577 2001883 970008 1012094 1184438 1187507 1465600 628745 810975
953640,136544 228111 1720321 329120 1099083 639655 1639129 1900662 2026047 2172571,136544 228111 1720321 329120 2147359 999464 1099083 639655 1639129 772123 1900662 794454 2026047 2172571 907139
962682,1507282 737328 852795 2179967,1252822 1291216
1003502,1117568 1294267 771946,176470 433671 1472645 1631770 1683541 2084000 918245
1006652,1133373 2066517,114124 2095536 219590 1717868 1784115 310418 2220034 1055042 1133373 511415 562073 1436939 1539575 1700706 1795153 815495 1983410 2066517 872307 885860 2207870 2215403
80154,296496 1265375 1318748,1659683 2253575 1626767 1370434 1042740 1101108 281090 1695259 292456 329979 1099273 467937 1192369 595195 1521355 1532808 1725460 736252 742639 1822103 1863927 1907001 2147903
1171235,85556 199716 439947 452941 1237995 626464 694530 806822 820574 2092133 2137327,1463793 1336477 1059512 85556 1116186 1143702 199716 1317237 1476063 293712 356519 2200969 430653 439947 444007 1084459 1086077 452941 1220203 1233612 1237995 515597 519104 525041 1451300 1505304 626464 694530 806822 820574 2013046 2067835 2092133 2096071 2137327 911787
83112,42548 1819404 115292 124942 173481 1296545 1553350 1741230 371823 1445753 1456926 1498886 639986 734129 793467 868916,1453301 570821 598653
1262156,1148021 1376079 1637682 1520186 167015 1166917 1192097 1299853 244628 1445867 982427 435184 461238 481570 1554523 1714337 773956 1937764 800338 812240 823848 2068448 2105840 2123357 2209400 2211093 2255453,1475401 2057323 152946 1806008 1245672 1288606 1569162 1825672 1861213 1878511 1912519
1278982,267479,114233 2090252 1535597 476720 548893
1297646,130935 2044457,352837 1095576 535095
1314604,68341 412591 441219 1659748 780736,361990 1668614 910151
91904,1109139 2155535 88790 91285 1686842 1189953 942122 394603 408849 432020 1092720 1118273 537401 582205 586939 1962731 2012799 2032451 852859 2199366,1148848 539314 777559 1890557 2216027
93603,1424772 23178 2106835 1157493 88476 1328323 147474 1196375 1398100 243528 1638164 2209854 376972 391683 392722 529033 1284505 1394375 1395125 594055 1632473 1657206 1657961 1665951 1729613 771565 785661 1909072 802727 854948 2085773 2201708 922335,20456 1631141 1767699 952974 984138 615382 1925442 864779
1362718,1903957 1463060 1503941 107278 1703060 2127369 1132326 246548 1890992 387992 468046 474449 1561861 1741097 1751074 1978457 865546 923700,23221 29143 1167276 2066382 1082064 1136673 1431553 1599245 1870777 321275 2014111 380371 1064788 471974 506591 1517749 663451 703425 1793461 796692 798867 830845 872492
1405873,16469 935222 164390 172162 195331 1194468 205196 230951 259564 1591374 1767946 312240 325801 2135969 989217 409285 479566 1309528 1378329 1395418 1420162 1539718 1546137 654579 667407 1633959 1684960 701454 758877 1878744 1969085 2016214 2052528 855420 857816 2190823 910524,1194468 261525 1048538 1102991 1674057 731601 2071803 912990
1445129,1077105 1262832 1377591 703391 888272,1920234 1876974 1537911 399147 478455 1365553 852722
105387,2080980 62006 285663 2199753 2243123 399118 1196777 1355003 1522199 1532434 1745903 1759306 726108 1767854 1803927 1862586 896614 2258057,1175129 292069 1949788 1322139 574305 1560172 648551 1579182 1691972 1752418
1517587,4874 1689257 201760 223527 1804338 500418 1268850 1335191 1457804 614835 662251 757732 1892984 790742 1923224 1954509 2160924 2182387 2248394,339564 1931516
1520355,1652069 2039790 1070400 1247889 545967 1459431 1540510 1797191 1903323 1970518 911916,328127 1270214
106426,2224760 1508080 2195306 2218071 20013 35531 1113619 1454168 1591560 123254 195916 1630678 340385 2057360 2158254 458531 622285 1513577 706335 1725063 860527 2133445,97250 394496 408476 487673 562437 744363 1854643 2208109
1588952,973035 1371962 76999 86714 1346731 990760 1019835 1535313 1593265 1982881 2090888 365855 416024 1277183 552924 1419919 1461289 1554400 683131 1659042 713310 1878993 1879599 1967905 2054478 2056466,1232007 1398078 488383 488482
111200,59693 1415565 961776 406372 1076908 448670 1090960 1130875 1234609 1240321 689038 1711945 746310 800558,1074107 2105463 872512
1605323,518549 575581 2051194 856615,495128 1974695
114866,53091 1729217 135626 351579 956681 1047867 1241146 1329681 641950 767291 1978303 819420,1624358
114885,1247564 1248478 53356 1167833 1379928 789953,1469012 29725 1766562 55286 1970046 2192127 1327439 1554191 111103 1689401 140792 243838 310795 1903367 2076076 375664 380764 382097 968144 993002 1137513 1139075 1281845 1352769 1476579 632426 641832 1586970 1594962 1607080 1647216 724520 1798573 750774 761011 1939514 1974819 2173294
1660546,59439 89173 135999 2030338 1059907 1146411 1480189 1788180 1006492 567997 577433 1639593 679995 1811744 786346 2001923,1039366 130774 2165964 240792 1064187 1549312 1650303 2114061 2194166
1661475,28150 45352 78242 1178478 933110 977976 180275 220926 1406915 335626 2156920 984564 1025617 1090606 1402678 584918 584962 1491898 1494181 1501465 1548360 1924417 825016 2197568,210900 258979 543596 1477178 1686561 791602 2019263
1691043,2006883 107381 1979383 1853685 359010 368581 413142 1184611 536272 539189 624831 657475 1742689 720023 1787950 1812926 2015334 2076943,2043601 1589276
1762485,4340 1071539 974961 1100306 1117891 1127905 1204043 130263 148541 1053498 222972 256347 313404 2105501 2221308 2231440 444826 455736 483114 1204102 1316403 554621 556813 1389352 592153 1455666 1478915 616539 1556084 1560540 1751567 1751790 1800219 1920647 1933798 1953114 2034905 876872,3646 138229 212117 263767 603316 1502912 635081 781264 2130065
1803836,63877 767533,1278405 782238
1835482,2255562 50669 59923 988894 119308 133715 138859 2238916 939786 963651 1124719 208431 1484373 382147 946964 953904 1058638 1188417 495977 518203 523788 539086 1378060 1407478 1456630 1494685 1502501 627078 648895 1581553 1595071 677420 707406 1736528 1958920 827159 2012593 838987 840124 2213517,412022 1146241 539973 1405810 2015444 859439
132904,39502 95454 994347 1524855 347823 760013 776765,1982556
1908993,159988 1477834 1823003 1958970 1351477,1605037 1808413 1699912 213471 1310199 2236941 1446261 1491770 788291
1911803,1717860 305351 405728 1329777 1815831 872985 2140519,1118619 1381717 49899 51105 85984 1255446 100125 1503398 959511 1184884 1336538 1639992 1947594 361443 944579 458488 1128739 1225220 531420 594309 601390 1478661 1498654 1596200 671741 671926 680462 680519 1696057 721501 1825781 1894599 1912705 810724 2121433 906327
1916366,1074436 26934 1453703 48472 2021094 84472 1268616 153962 1054881 201297 1320487 307454 2009742 376784 384913 455681 1125142 1140665 474353 1204446 502805 1253671 1331566 1389978 577448 1416603 1539029 1731051 1820568 800960 2050208 861269 867347 2187817 917633,120137 1950868 2043642 157096 183770 208045 1914342 1258671 613034 804655 926417
1961381,99235 1423768 1779117 480189 1199261 523049 571609 1540008 1596329 1613020,255009 440914
140210,1776167 1428856 236546 249864 940009 518168 1341754 1347883 1490518 1766031 1819796 1940410 822239 2126298 2194571,1688265 754649 870729
141295,59047 166457 1497954 1534634 1946894,8793 162180 2146783 1165091 1239707 1350866 1504232 2177340 928681
145128,1451100 310370 366640 367041 385533 1014171 1055420 452149 1139747 524631 541462 1402974 595688 1656239 716174 816655 2071416 900636,63113 1677212 1080996 1115277 501537 527567 1436111 1760916 748833 1950548 825791 2095805
2085332,183569 949127 1136600 784062,1158585 1292550 248426 1625285 321672 1063286 1150450 1285551 634589 1620602 771298 785010 799774 925215
148020,984327 1645381,167366 961775
2129345,939745,939745
2149862,2102137 1924300 457186 487872 1442357,2095049
2212136,1191882 1414161 1490640 1819388 1896681 140708 150212 1126480 1252996 295690 1821651 2045461 458777 1132002 1206035 1227898 1342129 620089 1530451 656619 1631889 681977 692067 1792619 759340 831332,2188570 1763893 2126969 376077 960263 1226249 1710622 1882315 804191 2159856 2252912
154905,69381 1347500 959305 1214533 1265851 1496675 683243 691706 2046661,1574271 55196 191484 2008572 341068 2214693 941903 1119688 1152884 1249606 524844 1638798 813818 924931
156566,1106201 1714991 50607 990819 407462 1016803 669328 2110372,990819
159595,1335057 27093 1047232 111658 2220643 1001637 187811 1178585 218167 1445761 295014 1857193 1967178 386549 1039887 1060029 440775 1278493 532506 1315371 583260 1451774 1461633 1499104 619476 628162 647292 1624888 1636857 1680665 1688022 1743990 724056 740034 1819037 1914482 1931901 2028937 2054448 2188082 2197407,1255585
948862,2223273 936052 1427543 326912 1237110 1320796 689813 691897 1826852 2083003,14281 101109 1951009 1608938
960858,1223482 1075491 200051 1418748 288624 1720517 1797668 1897280 2132985 939600 413172 1323542 714322 1993750,1057311 23344 427839 1369444 605806 1671853 811973
168422,1274759 178028 323267 346313 2067069 2126749 964033 424898 1104044 1118763 1130458 530851 547632 1369261 1468549 1645360 690627 1711928 1822224 845028 863946 2179611 2213317,2218126 837169
999182,1244158 13630 1206318 1206318 1973770 1056475 185188 191983 195838 1287373 1299734 1336444 1395918 1485901 1665429 1856860 1869042 2042867 2121775 2152673 2193585 2207816 375363 402453 1141321 1240378 1269624 1363800 1417588 1480290 630510 1543093 657523 1634645 1647833 1680515 1719547 787622 2036703 873895 875717 915506,1206318 1103557
1008237,1393682 78833 1194188 1411463 933259 171969 1026998 177482 225245 1330511 1503464 294862 373332 951216 959080 1169420 1288157 546941 580773 1490635 1572961 684591 713588 733960 1913183 845302 2063727 2223799 2258922,9441 72216 1201859 216376 271839 354542 2149940 407607 1041449 1043883 1120121 513564 521379 1279171 1347505 1512159 1540901 1553665 655303 1731138 1841120 1880674 1908967 1940559 1944610 820794 915289
1009603,59995 86126 1962209 934717 1018961 1100161 847626 854583,1745319 685343
171906,1729039,220673 1519734
173674,1961886 1028316 1063641 1007963 214950 1340768 1368198 1630344 312384 717150 1898237,1383757 729230
176589,1581166,487723
1061772,60107 99299 1513517 167820 1175107 206178 1694338 374166 391874 1217797 529843 1310442 1730530 1830291 2083851 864231,16948 1835271 1688367 964045 1025099 1979317 182718 1364618 271547 1785649 335227 1148091 473385 1176122 1177592 1242430 551253 1377532 685531 685921 1717389 740622 1800723 1826685 1887011 790615 921980
1062785,67839 1360883 243430 245303 1935013 330892 2138135 471031 1512280 1610775 711615 837941 868094 2209287,2138135 1610775
1072632,1762270 1453726 915320,349485 656379 1855388 797670
1090551,2070494 1081990 1598245 1598476 1265729 1970734 95045 1928847 152023 171061 183872 1147933 195617 1533437 313110 2083218 2085323 2205858 2232924 461101 512740 1259787 1293574 580554 1413047 1424233 1449026 1631838 691240 715175 1810191 1817415 1835475 1853745 1859528 1863011 1877571 1981787 2070413 887232 2183614 917210,121538 482810 1526681 800901
1096763,228 2037577 2027189 986609 1179929 1196865 1201565 1538645 1692993 1720523 1110099 193659 1256405 1421739 245487 259535 1546065 1753723 1848482 1946746 2096162 395061 1017587 421115 1093506 1221221 1281939 1413129 621650 1510651 1542669 1569166 1606820 663681 681020 1738976 719180 1748392 808059 2046636 2149645 2192492,44246 2007090 1334388 237369 1508158 2081727 383186 410910 1306951 1390017 1606277 1641289 1715740 709402 1821160 888347
189538,1296271 1105385 36311 37261 1143103 103757 1893926 2150325 153315 154003 970319 977408 1197403 1314681 1538593 299219 301470 1933990 977751 1024240 1030533 1038296 435136 1086206 1094354 1218534 1245741 1278009 1281369 1389343 1406435 1462865 621532 638701 690884 1741717 753599 1831409 767241 783263 1917979 2035979 847082 2072686 2131733,130582
194458,1910007 2079080 370651 479715 1192393 1416865 624526 1757676 1781624 815447 2035822,1155217 159311
1160475,113630 296945 959516,2204484 948406 408899
201787,991898 103228 1131795 202164 329039 340368 394704 397288 1021348 1086300 1164211 1168750 1335577 553253 1398577 1421608 1430824 1561837 650959 1687904 1688813 703997 726588 786697 2023058 2209713,1356513 1763406
1201517,218916 1113003,571494
1204460,1319856 569257 579939 2123339,2076445
204236,56473 2096051 62174 143095 1169626 202514 210094 1303127 1478595 1495447 1610917 329982 2035836 367993 2178417 2189981 1004613 431275 451413 1095105 1134645 1201035 1584537 663256 1756193 757933 780366 2038554,1267925 246403 409597 588323 613987 644461 1690723 852392 2256978
204972,271778,101523
1220050,152713 409988 429765 649706,979076 273705 2254699 531960 759933
210620,22114 1330268 66021 1044083 1104767 81006 92520 128104 180210 1158725 1273605 257882 1630845 314041 2198091 961628 420912 1110539 477376 497536 512327 1335035 561746 1457330 637059 1562041 678697 706270 1869057 1903434 2081660 2091850 2093274,495446
1243348,1032216 132144 384831,1111869 1635762
213037,1907531 578904 1600190 1679196,1162883 344652 1028479 462785 1564310 1843816
216439,1732447 293298 2177714 370642 463138 1891405 2006919,21575 53687 216512 220505 267454 1898641 2090089 2107228 2115957 2173859 2207454 960956 1068703 456131 461438 497451 1208266 1592183 1720059 717047 1742393 729122 735934 749004 1890638 2074605 856734 2093905 902547
1279218,1968865 354861 1739539 835003,936567
1282402,1683526,639365 1551148 2202600
1287927,160505 1233553 1528696 1705973 1304795 1468586 923085,100325
221346,211829 1938933 2240801,1189318 1630863 1872384 922233
223804,21917 1921697 61003 1211435 1794217 1865138 152438 1051729 1107009 1405799 315009 319851 2000347 2049588 515198 516443 519326 528343 1395909 1458088 1647308 681082 684768 685585 1728797 1904375 791890 832681 2061832 2208068,8094 92438 1877227 1956257 1608643 1610283 1617453 412335 1016805 426509 1040919 463857 1391179 665957 1947057 2111269 2157458 2200443
1333938,1644916 62352 110269 1139219 1725962 2030792 368810 1320841 554619 612690 633078 1555048 780100 2051524 2139099 907773,1644916 62352 75753 110269 148414 1139219 1725962 2030792 2030792 368810 1320841 554619 612690 1555048 780100 2051524 2139099 907773
1334990,1914646 1926967 2015224 225159 1068667 2253167,9047 2088035 1292444 100781 1510610 145449 959036 976694 1084665 188791 1397396 1402832 1474932 1761870 299585 316043 338688 356784 2185847 2246109 934630 389080 432418 444823 1097765 1318041 1386505 1423356 1439610 599193 1523384 638860 723189 1795922 744095 770761 1902101 1966270 2152093
230052,198548 1136389 1612172 1847995 811228 852723,940916 1943868 458281 1368022 632207 1754530 2018662
230608,1805340 1893548 196146 1291897 226433 1396407 239804 1606802 342278 930964 978563 1017105 429438 1042079 1070033 469228 492318 1213699 508562 1252840 1346229 564943 1371437 579406 1435824 600760 631747 1535348 1548946 1598152 673707 1737679 2029949 838346 2046967 854541 895255,26955 981235 1062512 81858 137199 1445521 337019 2034243 388022 965943 503826 526807 1291461 553756 616775 638245 659582 672171 724151 766898 2032146
233874,1289897 322544,128368 1392933 265452 960256 1553875 1660263
236106,958773 1353343 244079 250130 1576226 275454 290238 313008 432669 472915 714432 2124121,1997003 26061 1474131 1279415 1563730 270457 298925 1773960 2021619 348451 969323 400109 983027 409980 1091448 1184767 1357111 1382950 1467896 647708 743457 1807888 816767 1990907 1992523
1396855,13139 998730 44111 993172 2085566 2151914 218969 1529739 1597268 314229 1868041 324793 2077750 1014622 434092 549982 1744486 1948029 804493 2053833 2140932 2241016,1905280 2011569
1403372,2052217 130388 1308612 223030 1395777 1600790 1991302 970005 1032269 488759 1242061 1332188 1514088 1797704 1897999 1967500 2005731 834539 2047539 2115754,312593 666575
1410010,79291 101227 120531 997839 1062873 1087202 198654 207810 246787 1937784 1000425 429943 1112005 1277207 1318612 1422950 1425243 1527030 644973 1580059 1654098 696811 1693455 1853691 1862564 1950096 835710 851558 853308 874961 2145565 2196141,107623 1348546 1693455 1853691 2078054 2119444
239022,1711310 38475 2086526 114979 2206759 179380 1283509 1427200 247080 289652 352807 999825 415311 425844 1094121 1322812 572636 1490943 1509695 1510085 1705797 756065 1850142 2008146 2052796 2136541 893191 910015,1587210
239317,12045 2099760 249352 1571194 951111 476045 1237782 1286378 538872 1397561 619601 633218 721416 728280 1802177 790248 1978633 2167308,945536 843853
1419242,1066601 882323 925377,59246 980633 2132565 1879230 918494
242405,1523854 1616432 1124040 297007 317428 335915 377498 406325 523828 1285176 561567 597421 749928 751514 767581 1993716 2183429 904365 920385,936587
246452,19616 45176 104613 189138 1165832 270288 1693806 305003 382873 1006176 434796 1217134 1534650 663835 1874942 2014652 880287,173698 1467245 1374172 1396845 611348 1565564 1572206 1577053 733600 1888040 900914
1461138,1272357 2039897 949654 53187 2002877 93811 147098 147230 1388569 255395 1583815 946069 420719 1192161 1347133 1524237 635726 1741030 1883228 1904978,204130 2161069 1812660
249187,57551 59354 120668 1297525 238700 1843020 1987615 1007041 458052 1352615 562001 1426893 1442718 1442718 1513959 1546698 648151 653208 656079 1752450 1752450 1804169 1983714 2053840 2081051 2135682 2185424 915867,1231123 153898 493933 1442718 692942 1752450
250937,2021032 17764 48101 53742 1193791 1828896 177661 193208 1248608 1404075 1664804 1705604 1740359 296946 346106 483095 1229297 1257455 1289534 1348702 1404440 591755 1517811 1621941 1747137 739249 1795208 834950 2028473 2045538 866814 874262,1059608 4907 24822 79023 987369 191554 313831 1000541 1122151 1236846 1333664 1749335 1877988 1980159
1523798,10335 96243 1510615 655845 745012 2119508 900943,178321 465881 491167 578200 1960214 2134725 911008
1526044,120496 1256878,1683670
1554829,1681380 1644463 1102708 1160465 1687623 944747 165303 1093049 1219463 1441575 1491088 1689729 1736492 1919823 326866 2254194 397875 403120 1077032 476340 485997 1255098 549919 1365750 1459671 1496844 1543385 720049 728485 773186 1900574 2063255 2072513 888871 906690,2120290 178291 194609 2245837 435736 1140223 1368790 582768 1611555
1558688,128170 167867 985956 1023405 231441 254014 1926077 1023729 465241 514126 630514 743209 783668 2102145 2163228,1577934 1276875 677014
265641,1312773 1302014 1567685 2125839 2139130 34129 51688 70285 1042601 98230 1543749 1665218 118440 120338 1910465 1981453 943366 1057177 1274744 1938802 2041992 2175847 442655 1185843 1213186 525469 1305016 1458656 1460392 621699 1536154 641695 1653035 697421 698927 728361 1771792 1778486 1809564 1817840 757992 1880897 776426 1899698 791121 791740 1967232 1975917 886362 2156639 900236 912140,1886225 1002072 812660
1569685,226856 1983690,932452 1130537 1483915
1569989,1581489 971683 110947 1995141 2145482 1294782 1939888 1982673 359157 999361 1195725 1209594 1600974 815006 2043912,2156832 1048967 1936091 901074
1579253,47845 60549 83553 104322 2187433 983697 1375054 1428685 253633 289589 375719 1001651 1105530 1196182 1198074 1390908 1482562 637590 1568384 656356 1655904 1703137 1734356 1755505 2126652 2162504,1801340 1674130 1373730 1612236 2194040 2255459 478061 1206466 1978831 2035613 849694 854910
1582253,1767824 950712,1302059 134331 991476 215183 1386778 251129 1605784 324943 1926149 437044 447939 467997 1164899 504462 534282 1312432 550523 616103 837568 918524
1584872,2240936 80800 1190026 1242883 357257 448156 805673 814138 874960 919630,1052484 186366 1415145 290774 1273207 709088 875114 902565
272069,313267 580348,1319466 1133895 1718799 1849239 510288 1305634 625506 1794727 2029299 899175
272152,142939 256351 1580558 1658665 300588 1808842 1835192 2032334 2138458 369843 1060589 1097320 1131389 1236948 601959 639848 668617 1662367 694416 1781914 744583 881488 2194369,1651049
1616018,169696 1069318 188298 1757943 323451 691286 830204,453939 634599
275330,6667 27668 52014 1259763 243267 1858978 396127 1006276 470777 519982 1349865 1372395 585181 605035 1693610 1714883 1762311 811206 2009831 2113134,2180141 174411 1549870
1634914,33152 65771 205351 1343052 232678 1881318 1970580 1061088 522406 1501303 1564045 1798838 1845522 860348,1449603 111047 1719948 2178359 1246433 1252803 694283 737433 739707 2080801
277662,1997 1841221 1345146 1604723 113979 1760559 128008 165320 998564 1544320 310561 2175879 935370 998442 431126 1048353 1060567 1152054 1165419 490032 1191479 1247072 1247072 523319 1559750 1567487 1693779 749433 1870404 1983404 2071650,1247072 749938 2143654
1640893,2193748 163317 1690715 2019111 2023865 1047582 1122027 512218 567609 1392595 605176 629492 1660365 1796792 1875069 810729 824870 2090467 2117346 2147349,32782 1346088 1588052 1132842 1935499 204565 299896 1896056 1089550 1253426 1278934 567488 2176211
278382,1460665 1511764 119252 1773835 1197797 1518898 1614445 989508 1232182 573844 620395 1510216 656770 1666505 776956 1947124 2220046,1589607 2150284 1608458 362780 368127 2222499 1277719 559689 1500037 1777886 1849398 2043299 927771
278812,1328839 2099902,984260 1766761 2039733
1644326,1176363 1177099 268163 309283 615456 1639640 676354 719765 1892578 2047042,56661 139311 526644 574282 688105 725037 758103 788411
1647016,1210984 974316 161747 1176729 1674099 1678755 2155987 372750 1001112 425967 1064751 482506 1434198 1533575 1740255 1894564 911455,1078782
1664515,221779 1363217 2111960 428624 1467630 1560597 2096256,2190550 1155761 392822 1227238
1679548,1696436 49134 1012255 589222,1870506
287982,37953 191617 237273 1517853 1740143 1819760 2010796 949408 431224 1064675 1293080 1316411 567633 1398858 637302 1567064 1693634 1760526 1833301 1871636,626389 1536194
1717330,986026 1268056 1639528 1937980,93378 326510 364980 1057276 1926136 861378
1749905,1855783 1743487 114016 1429053 1439509 333238 1200982 589004 1508375 1523977 726363 832200 851763 2078785 856224 912298,1020761
296989,1770434 1505922,1239869 163181 1431291 1498561 1624839 1869274 331069 368505 1038265 1778400 1914711 825836
1754450,1385962 58604 58604 1188380 98579 2028209 192642 192642 272049 272049 1640868 2015718 2015718 439030 1171868 1205133 520772 1493149 799210 1956514 1993837 2046183 2046183 2123699 927467 927467,1704614 33763 36944 62247 128326 134089 161953 1067601 200802 1497788 259296 353832 1029551 1141911 1184430 1200026 1293387 1318173 1408362 1530993 1590985 1669722 713171 1915853 1922276 795231 2018107 2117324 883049 2199592
1757814,48666 982565 1224720 594897 655180 1613739 1932461,1420277 1493781 1597790 73952 1431199 1846981 315245 1913323 335329 360902 410740 1146277 570800 638329 721487 895658
1777700,8934 8934 30046 1245172 2001434,1347309 54232 89955 96679 1578871 115993 128494 161398 1075463 1128942 1190002 1605712 1625645 1702577 947365 461977 588233 594862 782948 859300
1782447,165867 297110 396410 719460 1989464,779781
302965,10258 105958 1735274 1940610 1473284,5440 47412 98970 1620423 1895591 2225046 1197463 1439114 1533316 322590 464382 1447725 1465656 1491658 636420 1621959 1732538 1760013 1796198 1817507 1903523 1977532 2064941 2079684 2140628 2141658 2219631
303689,4213,1965326 2193643 1462001 1093929 1193229 1343237
1806942,64002 74578 1218717 1132348 1187629 1394953 1843087 1905763,1187629
306579,82135 1550792 946696 1591122 1591318 291811 1777037 488945 505016 648906 1771142 1792581 863787 2222924,1013354 40302 343953 377201 398194 1001366 1083165 1386442 597802 1813258 2076222 2145174
1828629,1082725 1525209 1041307 242654 398040 473665 1758277 1907714 914249,2191910 1400893 17903 1017262 1843288 58338 1048471 1195350 223762 234033 278461 1951775 350318 411915 426085 490896 1242513 537315 640924 647226 1847345 1893047 2036272 899768 2231610
1845762,1127658 1452712 1290515 1397288 1624800 377711 387438 398521 1108064 1233460 1241363 515363 566152 1539533 1851928 784830 1959042 2026498 863944 875874,63092 948383 91255 1477504 105125 143134 163497 1009660 193106 326448 329527 340990 2099688 380219 1068250 1141657 1219636 1313392 691096 1734831 2005331 840367 2076330 896474
317708,43817 941650 89462 263886 2040680 2050136 1074598 1194711 572473 581463 1424478 834840 884807 2156020,54076 1020296 94868 95185 119549 957730 1236872 1252993 218091 1589278 312023 1853370 341357 2193516 379863 439414 1074598 1080631 1134100 1176709 547637 1361849 572473 1398911 1497620 656173 1593704 1692873 1726464 718823 1808423 1873058 834840 898034 905943 925769
1875257,1598859 1011565 160666 1184803 1628979 278628 280710 294728 355148 1364197 1450267 1473783 1551410 1590993 1664022 697212 723719 2118654 2122577 2241977,3369 1668702 208433 1389208 282487 296263 301181 1861041 958571 960200 1495029 1566734 1628705
321297,515137 813933,1076833 346660 2198741
1896714,1188267 113900 164710 368245 1180914 1233113 1235996 530423 1320545 595006 1544307 1549998 775607 800922 2085641 2093550 2147189,45310 1188267 1313000 113900 164710 1241032 368245 394922 409241 1180914 1233113 1235996 530423 1320545 1359595 595006 1544307 1549998 1564908 1581695 775607 800922 2085641 2093550 2147189
1902788,1686817 1004158 1138325 1414044 604769 1493391 1571375 1800827 1828497 759566 840519 864818,1172441 46442 160832 1240826 224414 1337490 674496 885632
322913,531935,1436402
1923276,1290298 364833 2175302 963746 1130379 526943 1388459 1932930,1589083 1473667 993326 1434709 1562959 1423520 1576284 1696893 749597 2054295
1928311,1653410 478447,14563 52263 1021817 2176182 933155 197632 1505817 1551047 1855410 373490 949224 1064108 563175 1384970 591342 1446372 597453 1666747 771038 1886158 1979578 839061 870312 2163740 910295
1928646,1100 1462 1284834 46788 54228 69987 1171557 1509823 1917431 1924081 1004696 1143554 1269956 222021 301748 310437 327895 2124520 2144138 453048 1243250 512730 516754 518255 1490555 633741 1552602 1563873 672559 1756157 1797627 1810143 1946357 2020618 837233 2056269 2106100 888848 2197761,787703
328384,158123,550902
1937566,988020 1261058 1342374 1889472 152601 1035955 209160 1408159 1553045 1553135 1765012 357512 375913 377951 943930 994856 413960 1102005 472838 1215735 625841 636909 743100 1926740 1931176 839046 2182063 899091 914934 2239997 2245925 926007,24561
1955349,59185 1541259 184340 203262 1310739 2012156 477876 1393623 599900 1460696 1475235 1557642 2052348 2194659,976379 29169 1317207 140410 261522 1591438 292033 1947271 346550 1176677 520275 1328212 1487945 1540235 695974 1730833 1755080 742096 792512 1950729 849461 2163001
1969732,1969998 1577673 1704373 1743426 747498,1415746
1972504,24549 1076855 1695558 106227 1662312 1970169 138693 151983 253572 272115 308579 1838657 2169846 400382 1061452 1071434 1298201 1318967 550050 1547575 654267 1592896 1725698 728317 1935491 1938613 1962874 1988844 2238904,25012 119050 195937 1463786 1546085 1661784 974156 557443 1384175 603381 1473455 1610493 1616669 690362 1707759 776104 1935068 864297 2257387
2010215,1494464 1195041 1938741 175623 1290285 233031 251557 1540386 299852 423673 436543 1131483 473479 1221443 608632 1513972 641737 1570131 686927 1960942 814050 2004472 2102020 875904 878076 2207977 2211089 2213864 918337 2235244,1463307 1988294 1645296 1917186
343322,275915 291917 518599 1574119 2100436,275915 291917 518599 1574119 1893119 2100436
2041499,1359568 2203710,26034 1403791
2044229,1942508 1760545 28481 37630 1026776 1138253 1012753 1065167 206643 222385 1374045 1480525 285450 290472 307804 2090721 388922 966210 558837 583005 634463 1576203 725873 773182 1893570 2104633 2125982 900041,42159 76459 1657833 139271 140094 1283438 1525501 692898 2011964
2088942,209649 1276366 2069957 507109 1239242 1384992 699663 767067 1952292 2056366 919942,1367402 848399
2089029,658385,55295 1082555 1094241 208886 1670313 2173657 678063 853598
355608,901 1101684 1557587 47012 58596 62546 1089131 129229 1962672 1981023 2025631 155493 2231285 158996 161582 187689 1155017 203646 218728 1601861 291570 307171 1819439 360560 404763 1073648 1248692 1258950 1284837 530727 606853 1483939 1527859 1599408 703906 739902 784066 801668 809997 857961 2150973,367216 1762289
355927,264980,1928290 1292967 256068 1568062 1865707 954556 1633606 1782269
2110740,2087167 1515638 165376 314435 363899 2199648 978272 1092744 1097991 639666 775912 1990646 821896 851540 2076168,688238
2113264,3749 68525 78279 90377 120948 2087714 2153833 1225142 1424846 1639915 302245 343989 980311 1166264 1167989 520952 1322558 1402496 1433231 758853 1894034 902810 2232477,68525 946842 1282787 1535807 1547726 1673571
2139115,1435516 1096698 1904907 1179984 639371,161509 332993
2156979,2003283 2003283,245448
2160379,1777402 2069740 1051889 1300734 1713117 348393 2245851 2256390 444343 591964 1506870 1847043 789534,1039837 1241523 1554621 187748 1116816 1141330 1161159 1210477 1220602 1436159 245329 1548758 1561238 497999 1410538 1418032 584928 1420756 1511154 1667363 1668754 723276 1773653 763674 822606 2170028
2160684,1335151 1572076 1739673 1031482 1736202 1870616 1954666 2109889 2139765,2084260 13272 74670 1367580 1642137 2005987 1152726 1324478 1401053 248458 1560433 1616331 1754857 1899645 334062 1991349 374412 383260 935169 966535 412966 1072249 453743 1102342 1246876 526034 532812 1365590 1437331 628925 646620 1655514 718940 1750831 741602 1805082 1832751 1900983 1931753 1932961 798004 808383 1984216 2119728 874881
366957,200572 1361480,19945 35452 79186 84212 1441913 1051544 186282 1273479 226900 227084 234627 249733 1502244 1536886 1651145 1834940 316694 1893553 326275 330518 391555 393682 1005035 438881 484631 1199935 1202829 1211569 1247217 1265669 524425 576353 1399577 1407684 1434857 593075 1502869 1550217 1656823 1697883 1701629 702926 1748511 1798669 1810149 1951218 1965562 818107 2041602 843215 2067972 2075867 2116750 2184166 910319 2236499
2170133,84531 185635 394846 1122297 474047 477488 641859 1612112 1629133 922321,48826 931065 1386729 1429405 112197 1151715 1392407 241462 1456025 1917597 396524 1171080 1196325 1479218 726730 1774441 1781790 761126 1892494
2176375,1302241 96372 220949 1812932 2048687 1668503,1639466 1818410 140324 2089401 1092272 189923 199503 224387 1568872 1583003 1759137 980497 458899 516043 1339119 1499725 644341 1628771 1928600 1986865 820092 829499 2038611 2065186 878468 897433
2185119,1364018 2176340 636764,1396101 444492 459069 1415865 654090
2190183,1018635,677125
2217755,1412842 11853 70032 79566 1200990 103504 114552 131559 245085 1699286 1866374 1918422 2146878 978237 421496 1069207 468989 1143596 1290926 534964 1299435 546419 560434 1454727 1511323 631496 639833 1716193 1864453 1943131 825569 2075793 2123987 2131966 903376,1217980 1139575 1147075
376562,1503659 672138 1876412 2017041,53778 1271125 1473918 1578204 880594
2226491,1764526,953315 1405388 675504 2101452
2227692,1400932,1823280
380726,140263,1761811 985508 175380 1458185 1069047 1225852 1263647 1299207 559878 1482691 615641 750640 815776 899500
381589,2011359 1425854 90373 1542494 1669499 2192956 163020 256768 266656 275833 325717 341150 957078 402917 410665 1001913 1014524 508626 533928 1317006 1325479 1359274 1463468 1593155 661588 697393 705450 1769948 1786268 741781 1860009 877505,1415503 119177 157922 1106249 1872099 2211778 1094389 1111012 513728 1284031 1312223 1318189 1323295 579052 1472924 1548437 669793 1628175 1681252 1704611 758279 1908238 2070598 2088212 862815 2225783
2264731,1099690 1184104 1668060 120753 159725 1157890 1335028 1342790 231708 235212 1440179 1444412 1622135 1657657 1884028 353268 2098715 371442 412846 436059 450451 1156650 1200908 1290417 539158 562748 1371971 1451097 599702 1470614 1478815 1530094 1617826 746870 1876892 774230 800810 2009118 2025218 834265 895681,821488
2277674,955462 1758901 61300 1854935 187753 1498630 1611727 1787865 2218166 2240649 380415 419193 1070299 1134369 1135119 469945 472497 506361 1258289 1284509 1466885 665701 694082 701626 1760941 747559 1817587 751299 1854689 1879437 1928684 1939034 804264 1989479 850188 855276 2107591 2138484 908485,69267 1356200 1974294 1242316 1336403 1985217 902993
388045,1253044 1728056 1014918 1542981 1907273,1239150 403476
388841,64483 1924261 2024896 1112278 1150728 436671 486848 1309283 1412188 666036 1853210 1871772 1900333 846488 2099941 2110053 2172342,1995260 1734143 39268 1613502 1534201 1134903 1341566 241985 284996 312838 2196668 930653 989322 478323 1211494 1221934 1342853 1386258 1448656 1752781 1807716 753370 2160281 903188
950202,2052720 520848 562909 1511164 722431 2000383 841781,639144
957476,9549 2036384 167578 1049123 507091 567109 1531945 1547524 640249 782696,1139178 1080078 392103 392103 534881 603033 1633177 703176 707760 718428 2245707
966455,93385 1777487 1215247 504055 1238918 1957920 928740,1334168 423431
983236,50223 155801 244707 510997 530787 1355042 808688,1831186 1417707 457287 1136169 1289656 587622
985532,1882678 423307 1435973 1707104 805630,2080690
985582,1451853 1088505 116560 1203778 1267614 1427520 289821 1972422 952658 958957 959597 432771 441047 455396 515283 528021 1500538 1500914 1607192 710851 771813 782305 828560 910821 2231916,1131044 246733 1530376 1853205 2013328 2184162 1004360 569735 1433384 1564822 1577536 1615169
989976,983490 217944 459296 1121348 468219 509448 1905856 860694,2014965
990662,2201263 75683 128560 204836 1979719 1013529 1156399 644072 656723 1611266 729720 753985 1930414 2050185 2221900,1358290 45157 1549234 118989 129017 131745 1608950 355729 360644 1051253 1086313 1103468 500784 510958 1266235 542995 566859 601470 1518120 638244 665379 1694019 1733463 733567 760670 1853785 815141 825775 2084638
995408,1650344,1045358 1805362 1195545 498610 1463592
412510,56830 414918,1156153
1005072,63530 74406 117636 136706 141786 219368 1934313 393175 396087 408153 427729 1114446 491333 1596664 1701968 1859957 1996702,979
1007371,80474 1287989 1311232 1360288 1718733 2088016,728678
1007712,1265185 1265185 1013075 1013075 406664 406664 1251596 1251596 1702126 1702126 882646 882646,1774237 1327805
1020296,547279,305245
1025624,1067254,26361 1014082 72093 1185743 97506 120375 1961265 1395971 1417388 302186 336617 2020449 941614 1109482 529220 1704613 763060 1938673 823938 2123575 2125357 887530 2204230 2251439
1029586,1843138 1128947 236045 291573 1727440 338049 1058422 1062092 1139905 1230890 1244330 1272088 1314560 544705 1330047 1448693 1665029 1714511 1831490 1846660 1981977 2041783 2174010 2242652,1430150 823292 832521 2216468
1029698,36692 45995 47455 47536 1987654 1264293 91921 1487285 1551501 1579261 1711537 129362 2029255 2078434 2172431 1043512 183958 215941 1331922 1373849 234677 255973 281175 1776094 303304 1793536 1861962 1897722 1950547 1966707 357219 960893 1035800 484133 507921 529794 1301015 568656 1455512 1459467 606053 1602504 1675358 714017 1823469 759462 846814 854317 861408 2168535,1561821 149140 171764 225991 244378 246494 272076 625798 1560489
1032849,200222,1577080 2219419
426596,1452597 2115818 1996533 167632 172528 1335308 1535239 269648 1834340 322142 397921 425429 540806 1404199 580899 592315 1444372 606877 1529809 657934 1600494 1697755 1733363 1751430 1811025 788897 803763 810041 1997631,143678
427031,1205679 44443 1709230 930238 88648 1490703 1742903 1826281 140101 2256714 1091720 1527403 1615103 1675531 336437 1994471 2071627 930351 938937 1024427 1025294 430669 1110166 460491 481558 1243071 1294856 1449038 1474620 1595886 1599184 1674809 1749007 1808420 778095 1930439 863085 2143817 2144856 911012 911191 2242305 2258072,1766714 1806179 1985915
428407,20930 97047 115985 2255190 949146 967317 171408 273746 286531 2056694 991768 1032677 432601 443227 1176435 595603 1512767 1592655 692793 1727511 714402 1807713 1864100,2255190 2255190
1042807,2027285 196893 1826708 314840 434929 1089405 1227017 574079 1467558 1553116 1680376 1754610 1883642 2223082,1944650 357701 987146
430730,1410437 1470839,1153811
1048987,1277706 1785837 838254,1919171 1259112 1715513 1899095 1908112 113089 127100 1884233 150238 196290 197971 205926 236453 246625 282929 1712679 1832288 1851823 319010 376519 407929 1044201 1055032 1085648 479783 1167917 1168238 1192257 1212994 1277706 1356652 1401729 1547698 641007 666310 674808 1650558 681287 701973 1748999 730635 1779262 1785837 764900 804357 816998 2059399 2087014
1051515,951812 447950 1142885 1307158 1466369 775198,1466369
440705,1689850,91298 1373669
1071478,1889870 1944407 2201710 475843 1722497 745034 856650,9179 12483 1254307 101042 119222 139148 165891 992483 208826 1370133 243458 251233 254531 293272 2121278 2169697 405254 406666 1158275 1237984 1286286 539606 1349081 1463547 1500971 623409 1547283 647548 1599274 1622717 679794 1688145 708588 740641 1910660 807109 858674 2221531
1072964,47709 1934896 78823 1438648 1428046 1606471 1770066 303594 334993 2000804 1020616 443321 1156867 1466086 623337 624444 2172868,1274247 117160 185977 200937 313681 316704 1994252 367418 1091527 556076 1381438 1515973 635697 653885 709350 1757729 1833324 1861117 1889280 1963824 2090233 2158890 2253833
442555,52138 1170275 1576436 753891 788429,952654 669830
1075555,1957453 27547 52519 1865005 1132358 96196 108807 115830 2048334 1111189 1202554 213978 214540 1380692 1548769 1923363 362710 380742 957887 962675 446386 451189 1127119 468095 575705 1434967 1482972 611539 1535641 1554967 1595835 1776583 1881360 821099 864424 885101 886440 887654 2203598,900555
443783,293007 1432761 1843434 1880947,250012
1086706,1034763 1365511 1692272 119457 1926082 1055460 215245 1300094 1595208 1638279 1793882 1806208 1983059 1007799 1109540 1215879 1391250 687474 712734 713805 1800001 1898254 826351 2047427 844236 2134648 927386,1043368 1340238 1605284 1424340 668903 783956 1994959
1088708,1516066 1538466 264419 1600165 301883 1842208 943050 969727 1111683 474950 1285995 1307092 539353 1382744 1491776 674567 1668665 1710205 732991 801630 2021903 2125483 2229688,1880510 1252473 2119085
448864,3121 966312 1141903 1266438 1315182 1468391 1732388 1770297 361011 437103 1175672 561588 1559309 1764268,1784453
1102897,978952 2091473 164103 1839222 2198220 425736 500202 505889 570284 573211 575487 1456446 611156 1508126 1529920 1533295 1654746 1709723 1713068 785534 1941156 800480 1975759 2036674 842175 2193202 2205929 921639,986990 943963 416148 1503552 1955760 2091870
454473,14944 52423 118340 932665 1053036 1623211 691959 1894233 785964 2025908 2101579 2105942 2213307 916711,7450 1390065 1902480 2131556 131619 993420 1031100 1492849 257691 1602187 1627576 291262 1873889 322650 2027925 2037261 2059469 362934 2228870 991345 1020146 1065186 1145860 1232711 514805 531864 1298749 1309704 1430842 646114 1667719 1749050 1750728 1763290 766384 1873491 800898 1951261 1969996 818455 1991251 2078620 2097369 898613
1104759,28492 995064 85705 1455853 102684 103493 1474989 1845320 144571 2211951 933173 170720 174719 1365659 1408127 1542199 1560443 1748785 1775580 331711 346802 346802 367937 2248237 1071044 446191 1136253 486379 1217649 1219815 1437567 1532484 652928 658997 1627045 700625 1801066 797859 837012 2121986 2183998 917450,570042
1106486,28774 1125512 115223 206430 275614 2123488 976865 1016752 1030377 1173754 574769 1413012 1448555 1504714 676535 1688038 737692 769108 807135 832775 905505 2205562 2210055 921127,2180619 1110660 140140 1377946 1508382 330894 341219 2021466 1311483 684792
1106665,1430612 427283 1370275,1419094
459715,1667894 307425,85483 252225
461799,244881 2027093 1001127 795635 2187216,1406388 1786110 1889794 1894656 1310977 1392632 2002954 2015234 2036360 2060308 910210 911301
1122084,1655867 954553 223383 229071 275001 991662 442627 1102598 1125852 1141008 1196549 1558563 1608402 2006737 855728 2125588,638397 2029859
1122670,98763 1646232 1704582 1791820 271093 301573 953063 1193357 566544 735606 1887532,190880 1168565 1816479 1130643 2045217
464337,2478 33109 67436 87510 1480709 1574790 1184717 1518448 340366 391633 1001461 468341 572463 1603103 663553 1636167 681510 763303 815268 1985661 2024682,1387168 338068 1226201 590720 865102 2246957
464939,1305293 1210805 1188410 1213077 1481720 1930976 1079317 468008 592621 799413 2004320 2014648,52734 1076465 294840 427202 673505 748090
1132287,133826 959117 279161 1783780 1568582 1738883 1950370,557307
1132385,81493 1936449 1221539 2174945,1126003 470563
1140971,1151260 1639583 1846569,1666468
469606,2167255 2233864,14896 2167255 2167255 2233864 2233864 566558
471013,12767 16519 2132158 29688 1395836 1824671 97776 104494 1563629 184179 202738 1191466 1260389 271528 1622699 1887913 1906248 1009485 476408 1448051 1587044 1623559 1630411 678872 1703510 811740 1999652 2091385,1305 258194 2065766 1158465 525266 1443976 626619 1748983 763150
1146560,2122525,255261 2122525 915399
1149122,1140190 117249 1971459 1182614 1379348 1587882 1777864 2022609 364846 1045663 444133 1233564 1342983 563541 1432494 612871 635845 1543732 1887881 892917 910518 911509,1458490 1112096
1153947,1241340 180573 1189532 540171 1376767,1126262 213769 1273348 1145328 1628086 822097
1162341,1496075 1963473 2056977 2154713 2171604,1965173
1167831,6700 7341 1174835 1293412 1159630 1273253 91140 1066989 1104181 311867 1856217 937057 969793 458278 1196047 1217807 1459861 1568774 1621753 729694 749124 1849578 1950069 812570 2005958 2086271,6700 7341 1174835 1293412 1159630 1273253 91140 1066989 1104181 1146138 311867 1856217 937057 969793 458278 1196047 1217807 539422 1457643 1459861 1541504 642763 1568774 658544 1621753 729694 749124 1849578 1950069 812570 2005958 2086271 920358
1171057,25834 1815204 142127 163200 196001 1268779 236670 245792 266076 1622730 351387 2112740 1089456 1132076 1164594 1169791 1205301 1253641 1494306 750505 1866373 799889 1951787 809103 2117281,1252286 1982219 398609 508159 569780 925588
483142,963229 108571 1784485 1020304 1151922 1209572 247100 1628180 1707893 1722160 1921587 1952881 2001044 2034845 347518 2133087 412455 1063092 482727 1269602 1417625 1438369 1598099 1714600 1799983 2057749,34838 1250847 2097811 1026268 489680 1355150 728809
1186622,1902259 798037,195763 1321189 557568
1191177,1821990 27181 34359 1279667 1698454 67837 77418 86306 99064 1468795 1913363 149416 2202572 156922 165241 1050029 188139 1153275 1346691 1546450 1729982 294790 2041527 2098353 2148528 379724 2252776 946646 1040610 1090984 1147048 474970 1301925 541618 556841 559851 1414890 1420979 1434924 653589 685321 1867816 1868005 803704 817104 2042104 2053726 2192268 917679,108524 112921 1044436 1176942 1538765 1709061 1715092 782820 2041828 2238729
1197968,1432047 1386470 1592426 1116956 81454 1229822 89635 1446108 105326 2126187 1115729 218013 1325553 1814231 319247 2232123 967349 1001251 1061277 1165470 1174518 1265718 1274798 1310657 1325618 565921 590011 1480228 620733 1523684 662007 1675307 1690332 1869700 783845 1956392,1041022 631118
493371,1037786 1372746 161114 1947836 424646 830413,982561 1753943
1200875,32637 33494 947433 1319967 648116 707348 2255460,947433 1544302
1208302,713458 1787841,232205 1363172 599834 1567036 805882
500559,1289283 90174 91937 1111668 1560699 1595717 1620892 280307 1742972 1748388 1838167 1866895 1957094 337777 345018 2201644 2256815 424257 1249559 531576 577705 642035 683500 1881391 778683 2005915 2010183 853464 872851 2224625,19005 1248833 1249843 246588 345571 1440160 624579 1739567 1829403 798069 802748
1216807,50084 1169396 182911 352431 355555 360528 380756 404723 441001 746269 2109023 2248710,1057203 1645278 1873960 1921691 939503 473703
500832,1911849 1378107 1725657 1138735 1256124 1336182 1084134 1156060 1511270 262627 1828790 349720 368195 402138 1222569 1377362 1398215 1628636 2136658 2165261 2166263 2229060,2082272 2111005 388134 402379 409543 1057044 1069953 1093199 1106658 1205684 526446 1792813 1838198 811842 859355 863041
501334,932273 53567 940138 1032259 1057152 95573 1948845 1997322 2151016 1140588 225564 277489 1706041 307773 345789 940956 395763 450785 1154069 476266 1290051 1563774 1581621 1660864 1705097 729262 788943 1956861 2001989 867478 873315 898947 2214731 2225220 923253,2050323
1221953,1340636 100791 1462859 1589585 2034019 345919 2104945 385788 398718 547839 1394846 630030 1559382 1586897 763881 2236661,2042117 16868 40526 1577442 109512 1886500 196833 1203834 292750 1786204 352550 352550 2132927 419372 510038 1270403 1470145 1550760 1566727 647026 1593082 1595563 1624319 1630998 1630998 1631232 736996 1805063 1925249 1928075 1960039 2013809 2045225 2055444 849342 849342
1223976,1272266,439913 1272266
504728,1406365 1120210 1489733 1660001,2152750
1228299,1196369 63404 205363 1420395,1124980 941316 1295890 2041872 188834 189633 198696 202205 304482 2194338 404938 780092 820486 2015040 2043268 2134196 886792
1233692,2234423 1617398 1922936 164296 1009706 1015390 233787 337609 963058 1235676 1247929 1292785 1319156 1601723 2031955,1785764 1380706 1960422 421128 830352 2048463
1241483,59720 167774 1083159 2089820,1721189
1243173,23300 90440 176178 195672 2069159,1642376 2180295 1930664
512123,1297228 1587853 1540607 281353 1686152 2128504 366409 373268 975874 1138844 535996 581911 1513214 817633 2078447 898698,1291656 1102715 777882 852269
515480,19156 2206408 419527 1195172 545991 1566371 1662566 1747943 740495 1830709 2175132 903438 2216291,1126109 1156167 237453 1597661 1610606 331543 2016743 2219778 1037288 441930 1086364 1243935 1527632 1655415 1665867 805218 2055685 877221
1260230,960496 116104 228639 1373646 1373646 263773 1562032 414863 434390 1386671 1469323 1469323 1562799 1562799 645050 668956 1848905 818300 818300,1373646 1469323 1562799 1752315 818300
1288180,1534262 837987 884323,977474 1735438 1261356 2009621 2104691
1289560,1903 29878 1394145 1560528,28647 2003290 74300 1606845 2251183 177649 229880 1418653 1542735 1544528 264050 1557859 267364 1625311 1652579 1794612 949449 1108832 1194116 514010 1328998 1446357 1465804 624437 1572980 663486 671489 725505 732396 760038 771987 840302 2055868 868715 2121870 2229901
1291738,3146 24528 27855 30507 37083 1438609 965111 1527000 1547449 1654082 2099814 155856 1162204 206956 1245149 216837 223924 1329787 1397996 1660715 296096 1875965 2013854 2132751 2196913 967513 990237 1033963 1092874 548145 1413170 602550 618339 1515653 639860 811410 828052 2131795 914970,1040669
531276,1315973 1639707 1328595 1028230 1178897 112009 188881 202182 1390678 243157 260643 261493 275620 1632147 1666568 2076944 2193589 385909 959769 399800 1105247 1161576 1170113 1218458 554555 1476924 1478812 1524754 652693 669193 1638774 1654567 687048 719561 1814860 851183 2086851 2098320 2121860 2135674 883754 885653 2237955,58577 937062 1074138 1489933 1564084 1987419 2028670 2068368
1294296,2506 1357152 1397666 2226190,70598 1579924 140187 2075121 181698 191185 279475 292765 2015053 349547 2161961 386730 471598 541371 1334784 1336882 619977 639826 666996 1724333 729290 2160800 2199405
1323493,1542180 1170985 1495680 1001258 1393067 1706433 2034407 381209 1031277 1104564 1208534 505425 1238086 1376126 668696 759784 1947880 830252 2079414 921729,973996 1226365 1229235 241544 1897745 1005991 1229690 706502 2173192 2184101
1326018,47709 1065908 78823 143695 2050528 146059 1087778 1093824 1611407 1656351 2099511 1127679 1147177 1157727 1171589 1236155 1258515 1312482 1373764 578604 1466086 623337 630884 1706343 1708611 720002 747626 1852826 2007082 2019355 835177 2036146 2057037 2070753 2108056 2172868 910747 918814,1212128 51780 1494302 129572 1016969 1070644 467070 503997 1251668 1343057 557025 557551 569211 1413351 1416838 1497391 685041 694924 1693883 2063811 895931
545604,19588 31142 48447 56172 64010 78482 1169226 84955 113716 1633860 264739 1643010 1697510 305168 1807416 1875916 339347 341557 1083407 481360 1220027 507555 1274212 1341038 583104 1506950 642386 653822 666751 1703984 764465 1873038 1926678 1927331 844436 875285 891148 899810 2250521 926684,74989 2058604 499560 626914 679426 718897
545772,10139 1724637 1233401 224482 253632 1578011 1981324 351739 426600 1156107 1321314 1370736 1805944 1839560 1934717,131851 414058 437978 1111275 1667716 2039682 2102493 2109491
545780,759245 887642,25503 1031227 59017 102276 1559653 1966316 185968 1404110 1756857 1972138 2083015 396291 982419 439872 1522341 1566832 743831 2008144 2118876 885384
548053,1520586 1065440 1454523 131444 2048378 159786 943569 1057458 1183936 306808 1920674 1989535 2108234 373918 954001 456549 1127443 1229150 1429074 633358 1674077 1691144 1716001 770355 1929317 1998309 2015587 2049118 2074562 2077084 2163733 2236960,132279 1653659 290598 2212363 471609 1448627 1725886 724587 1762130 1802506 747846 879148 918833
553736,1876430 2091135 1154751 1395146 1514376 1520969 2068221 152327 930350 176983 212228 1525714 1570153 303063 1984964 349478 933744 408441 1182462 546047 557336 1353401 563371 1389976 1404412 1411332 1472845 617690 1549379 1693335 701056 722662 743021 753533 1908280 793219 813443 1982309 2072913 884849 2230050 926761,1885961 535754
554960,14896 72022 1153654 1877850 2167255 2233864 1302257 566558 1417110 1479253 777616 1920236,81888 1345727 1707146 1643789 1990491 1377883 738964 1806471
556919,2187650,373888 761255
560457,1036461 1331378 1341025 1531072 1125563 81087 84619 1334607 1681312 1689862 957236 215064 223704 239846 257169 1561340 1585392 299411 2035697 2053879 2158667 948851 958224 1094449 1112397 458576 466070 1155691 1178141 1219316 1223904 518280 520958 1468152 1512007 1647448 1702992 1708438 714217 737632 1845491 767596 784083 1993738 2026721 860584 2247591 927593,917618
560974,22286 23880 1206933 102069 1590802 2235559 938516 578958 1524058 874802 922367,2076775 1322856 659089 703770 868931
1369985,1863143 1251552 51302 84539 1343717 1637047 1670768 1768257 1848728 137958 2142673 2162412 1063529 1256027 1531132 1644961 356265 2183015 373712 377773 956055 427769 439275 457524 1234984 525480 1435743 1498957 1508679 1540181 638404 684435 1664946 1667968 1828315 780404 783674 2088750 2098543 914960 2248641 2256911,65095 1054672 1167451 93319 1760222 1063969 1278451 1934114 2249699 523737 1352164 1472324 644000 679568 1689174 1902542 2084561
564078,934392 440978 840761,235038 1182740 1981161 838828 2088671 2126996 2257551
565209,1100296 81064 99927 1998267 2001041 1232721 1606006 2040340 931795 1247841 573328 1393511 607706 751341 1989145 822397,1764987 1857058 189548 220179 1434567 1906570 1998054 948492 1261209 1443179 631702 707889 779856 1933608
1375128,999260 127041 1348803 346598 1601040 1816044 1971081,2118359 46507 204095 1384850 1503843 1521856 271016 1761628 328514 2173821 393796 1181616 1264772 534327 1386426 1506649 1516800 697085 1701012 702243 722094 1805891 745925 761628 1879323 1897866 816137
1379478,1414847 1736731 351045 1333840 1567784 660616 1664600 2026227 2159624 2216907 2250029,351045 719420
1387795,19441 1157775 1645973 137627 180562 342296 1138351 1146605 1252704 1381778 670704 694671 1737794 1803854 1926365 810465,5732 1039779 546906
574659,62437 83151 1183013 99838 108061 112336 1693675 1754730 1976222 196395 1241467 1389573 252701 315168 1868230 317284 331582 2003779 353461 2151389 423404 1044911 1130433 536559 1335333 1429442 592803 659172 1620725 673760 1667955 1733323 1754267 1815601 819782 820126,1237687 329616 1897153
1399531,1452666 1646051,1893670
1403174,965493 50077 2211520 94949 1455738 107890 1883572 2107718 2147803 166367 1208619 1420432 1421110 248926 1490102 253912 1602570 312128 330653 1987321 343806 392011 1178517 492237 1237017 1237915 1239124 1281804 1407662 596479 1473708 1525055 1559082 646695 1599207 1610049 687656 1709339 1719355 723973 727462 1772304 765632 792280 1991432 2006667 873675 900570 924435,977148
1403927,37001 50279 74092 1441780 183020 1105507 1977157 339876 1040422 1092846 497319 504398 1283167 1489400 623446 623481 683388 2019326,1932474 366460 1144256 1543172
1420493,1976633 988632 443775 545325 668612,486605 550752 2203821
1421797,224755 335184 2105406 511150 589124 676702 1749112,954589 555073 1599263 1646641
1425677,1606411 2682 15524 72114 2067700 1188948 1488364 275292 1662161 2013541 1158639 492228 611233 1921322 792392 799571 2008969 839244,39791 1120311 264092 2142507 1046915 1830041 769714
1434112,1219525,446422 611850 692981
1438151,11987 1130448 1581767 428447 1109226 551934 1337762 2056503 2203021,118267 2052141 1872962 2029713
594489,2039128 145561 185397 1184722 530717 1439468 1527141,131682 1439468
1449011,114814 2163156 229102 1386333 1667471 1680436 1895200 331809 1005225 415994 426795 1092983 462787 535232 1350781 560106 1369109 1612390 1688381 726921 1795825 748364 789259 852758 2112397 2126236 2202988 2233708,995904
603287,14934 126111 301997 1419476 1690646 1936898,14934 126111 1419476 1435793 648048 692642 1690646 1789960 1936898
1471888,127519 1078790,1284653 866487
1476408,149725 999939 194491 1146554 1332713 402218 1023777 1051804 484157 500616 1301943 1341669 1417952 1435519 1566200 663245 1767695 815978 2030352 2095641,77391 999939 999939 194491 194491 1023777 1023777 1051804 1051804 1435519 1435519 2095641 2095641
1484547,105754,12944 2224903 426765 1554088 921712
1486697,1365591 1476984 269562 1917695 340163 1764249 1766544 1931716 831684 897937,1863464 1956841 138987 1280251 1345668 2026189 2028028 354932 2173965 1051171 1079857 1079893 482978 1217826 522783 1346869 1515926 1547121 2024664 922187
613616,478047,1567003
1497131,191919 1977509 2219715 1028709 486962 1468244 1591751 694062 1967776 833719 2026681 893337 925404 929646,2147935 1174923 253012 1513867 355249 381338 1282842 1556401 818750 837106 2071613 2098273
1500022,673 1986329 2055451 1221605 2200699 1125766 1125766 1125766 1572330 290359 2154394 932640 395216 420242 420242 420242 1038546 444673 1081975 1134029 1222018 1222018 1222018 552340 1446677 1522893 630584 672129 1636662 741600 754328 1856962 788160 1933096 803736 832975 851055 2117162 2170206,1043634 134442 325351 339369 554796 1597080
1500286,1784108 1168366 1211846 1211846 1598916 1598916 123117 134782 952227 1120530 283027 2207491 1297164 1425618 665232 731502 1829951 1846600 2119748 2176881 913397,1211846 1598916 123117 134782 2131997 1567485 283027 1425618 684266 1869455
1501442,217042 339312 1608150 1960301 2175230,207160
1507956,2038770 1653197 1292923 1328976 1148441 1208445 1457814 943591 945202 1011915 418140 419215 453898 1146171 1238850 528192 1296828 1378495 707268 1831022 760477 762321 1914598 807225 2171159 921704,74835 98335 201390 1447657 2184256
1516522,1465460 1765826 77583 1384287 947346 1154074 205101 246025 1621298 281739 2054396 2190880 1093212 1252671 548657 557536 1474990 1483051 1505380 1513098 1538549 1541775 654220 1619595 729652 1855477 1893152 1957663 2161856 2200701,963834 808470
624875,74912 1472791 344961 2157172 378977 1232290 1249724 1406994 1794559 866716 2126716 895849,22685 1946758 196470 276155 463442 532574 1728695
625095,1019003 1107384,1585913 706698 1840051 837522 2081069
625647,50482 1185871 1256237 302805 2052388 967538 1036512 1098860 474319 1243414 1248578 1251356 575776 1397603 1461975 1529277 1613548 1781857 757085 763249,1530872 568422
1522685,403779 927824,1932201
632291,4016 937664 73270 1171087 376410 1289831 540270 643358 657518 1925236 2111714 870090,1270801 603835 1768287 1842877 874768
634805,1453505 465429 1185149,1542438 1156040 1993923 2125219
635569,834817,453039
636332,1877660 1443712 1447769 322728 941765 990510 609509 765868 825185 2100953 883780,1277487 45039
637085,985122 92044 137808 231557 439491 1114561 464638 666323 739022 2212279,182541 929379
1552334,1220347 1557778 268858 1046471 487908 1305752 1380936 602778 1470446 1523693 634467 1765889 823287 828129 2048472 2169037,1344027 787749 878171
1563491,1098940 1245353 1456254 112021 153505 183298 1139644 1261536 1472408 1626411 1787632 370401 986194 1040787 1080915 1150172 1158641 507051 1258509 519882 1273125 1498870 1595528 1724968 1740420 748189 785171 1991981 823092 846558 878815,333251 2038339 1048637 1810885 1979205
1569330,1470075 2023506 1610046 121658 159713 1002524 173517 181376 1237352 1317515 1349061 1360516 1538912 261089 1624075 300738 2065095 362984 374581 986592 1092261 460061 1176920 506863 538625 545766 1381960 575120 1425917 1504821 640076 1755643 732090 748442 751690 1865516 1896220 787523 1949701 1954365 821683 2003124 834242 2041118 2052586 2148121 898846 914037,324684 641733 663865 1760834 837903 2095733
1574712,1623204 961479 1077545 1539651 1699262 1796507 860919,1699262
648025,2005088 1637129,449608 1277753 1403113 1775925 759497 2205292 910279
649758,1566584 2184223 1076121 1183285 1519918 1733435 2029627 2134006 368372 435464 442965 1090009 1162743 1168114 1218274 1229951 1382678 643209 1577701 686629 2056515 849562 908636 2218886,86885 1049433 223637 240138 1673421 1717780 1935820 1963872 2210086 969706 1227130 626690 666515 1770102 1796749 1851052 767464 2030082 924621
1579664,2149885,962273 1178180 1943300 1271376 1453360 2184783 1275462 1429936 1748602 1900206 995691 444831 464610 496133 1455166 661118 1635599 1654601 747838 748874 752911 773881 1883098 794586 1942037 806378 806909
650675,1080435 2066857 2168706 1922442 2018149 1056075 108224 161715 1353113 239764 1445176 1580654 295169 323275 364389 962110 1017455 1048879 1145729 481318 1213207 556297 566629 579539 591005 1792784 743352 753039 1982520 2039807 2132513 2138165 2142451 2172895 895077 2177243 2178339 2211565,399328 1489786 1514819 2087242
651383,1005666 1442173 366992 1353507 756294 2006371 2040894 2097664,1524070
1591530,1705226 1257943 1567632 941200 975758 1808707 850032 867640 2237884,987963 1204793 380647 398191 474116 1582977
1602128,10555 1464202 18573 984248 1082660 1336408 1620927 996171 88039 144807 938109 176493 1154719 1188468 237848 352440 1033453 1033536 1077385 1089821 467193 1174546 1250626 533267 602377 1531634 644898 651928 666270 1855911 1866232 772974 780462 793341 849105 852533,1425214 997702 1587412
659455,40250 1979152 2130183 1099940 1261305 1424139 114937 2064736 940176 1148138 228733 1577075 1859570 339052 358154 2162416 374846 417270 1043784 1135932 480372 1184518 1220353 524888 546097 1537031 1621278 1646103 1678343 1884793 1905384 1915046 833971 2056561 2079026 2212343,38761 1902841 1209739 2132410 479766 1759380 778249 1988443 2047752 2228127 2239235
1605076,1904234,1188292 36850 1409803 1499460
1618999,229946 544900 1473265,229946 544900 1473265
1627076,1809665 464585 1747734,183656
1629217,3332 2234240 226861 1921629 2066669 1420342 585890 703669 2017067,1788639 189986
672726,1747477 943196 1238139 92530 1785254 149296 1547147 1583368 1991887 409384 484016 485665 1193943 1248667 1348889 604246 612131 1497952 617420 1585257 658032 689258 1731900 1764126 1764169 1788808 861276 2096683 2115677 906986,1140235 1356459 1697190 996724 1249183 2087992
674127,12535 1830725,1882525 1928715 915125
1638663,1777372,1304451 194618 202839 263856 1647142 2167935 930791 397086 481061 1178280 544272 1462846 1538049 2162636 2190582 2234484
1642021,12775 1504713 1598330 1747037 1006359 1006475 1756467 1814826 335943 436052 1503931 1548852 1584508 1710639 1748966 1755704 1771022 1827210 789535 1962455 1983346 2014851 2038010 904959,30463 1159450 37003 1975026 115046 1170803 313699 314779 1868462 961013 998712 1318826 1374628 1419229 1727082 1835707 1878756 773908 2029815 867833 2156361 2186976
1655494,1269867 1346059 1448086 152081 184015 1486760 1789976 1870797 1966118 1981227 479619 1262795 1492434 696625 723858 1811229 1980144 2146242 888858 2162056,162032 1694495 314608 2242036 732312
683539,54522 1138945 82772 98896 117291 2053281 152531 1246458 233585 1444815 333976 339318 2136849 939605 955065 401548 1080276 1157757 478746 1238523 1313362 545580 564672 1369979 1504834 644942 1580594 1682012 1688780 731715 812531 831462,269422 1673682 349214 1627065
1666029,1583914 1027432 1328394 1919585 897407,1816406
688399,1069346 2227056 2014370 877120 2213782,579882
1697795,81326 1881632 1255687 332096 386383 1096326 1275695 657487 1650246 704070 745170 1874065,14647 24444 1081780 1440405 201327 1368528 1457563 283042 288546 309759 385189 988039 1223252 522492 560636 1426003 1432645 657487 745170 822772 2100877 879992 900564
1698042,1362332 967546 1551976 1190169 586779 1565894 650982 1928303 887176 2212872 925236,34945 1754349 773803
699986,247770 279620 337771 2169896 732062,1408359
700520,253143 2066594 1267765 668669 1810959,1352108 564038 599910 1705732 2058163 854582
1715791,1706188,342866
1722053,1897407 1317351,1197738
713619,21723 47549 960285 210895 1244681 251363 2125610 502110 1265266 1880344 1956018 853346 887552,1642630
713732,41667 1697864 182536 636585 851516 908206,29903 34408 49136 120382 128364 134049 2024353 1136227 197917 1177524 1233944 1257073 1270677 1299829 236687 252341 258297 1547512 269693 285505 310467 1854805 316642 1885830 320864 324444 355322 396945 1045253 441284 1126754 1133777 1175715 492023 510838 1423944 1515984 1537201 1537558 664700 1662417 1742902 730232 1864311 801776 2047296 2126533 2199461
1736587,113315 1269588 401019 1841263 2059414,995080 1303972 1891958 2003159 2059414
1739491,299284 605811,1033982 610323 775705
1746837,1033787 1300331 1611531 1751221 1961497 997780 74538 1423354 162378 976241 196719 209703 220433 238279 267761 288592 1700903 299689 1884574 1934387 363362 2207898 963703 976718 1003637 1099006 1199220 1224271 1233230 1265531 598203 598826 1456884 1495806 654017 1637874 1675229 1761982 1764237 1772856 1785829 1849976 1907827 1982667 821357 2062975 2083032 864080 928452,1880556
718391,1418904 65476 1263943 89227 108232 971280 1182770 239147 1441582 1470684 1475309 2026699 2041909 2208515 387037 956693 400694 1221315 1347689 1378801 578410 1425356 1449764 599523 1557208 1790875 741138 796111 861244 2133514 926069,1035599 1000166
1751644,337335 987180 988210 1165211 1526710 1709550 1941163,1709750
725461,1071359 1222862 1777567 331654 391944 969615 1038014 441249 1206775 1434292 1942493 2015715,255386
1763861,1042704 258018 1710470 2246783 1373881,947621 2122982
1764163,2041606 164987 1744969 1872895 323774 331431 2011642 2046087 957504 967648 413408 480412 1261381 1390518 629493 1552789 1628736 731375 1798485 1799647 784081 803523 818332 827630 2220438,106734 968662 204180 266358 423095 446812 1373416 589119 1689973 1714138 1767897
1770040,1605510 514634,917851
729223,56027 76814 77520 121301 128141 1149190 1169919 1891487 975045 1036967 1274595 563243 1394612 615202 1610216 1610607 1689294 1706113 1720203 1730360 713613 1912838 2062320 870302 2156887 892897,83207 1396960 133878 217966 1398038 1429992 1608833 1759060 333386 2098492 1061004 454709 1512255 1615085 1645476 1714759 713112 1819675 1844536 1848891 1988603 2008502 867424
730936,85104 1352687 166067 1945536 341986 973225 596652 1488936 1675890 1791485,1249761 555465 1441225 1503565 795977 1957539 2027502 2055530
1787278,1873489 1108569 224239 1321446 282193 328412 2138704 947840 950581 466148 1149372 523175 537142 1407388 1422609 601137 635317 1549688 1607791 1625305 756148 1891455 1973474 2051468 2191874 2231269 2232392 2254697,2003255
735880,1126694 1469513,15922 1030534 1349726 103910 118861 2000680 160920 1272527 235499 1479626 1889679 1999264 339438 392443 410566 1102329 465077 473343 1170015 1248946 570214 1623502 1660417 1988194 2095353
736614,990605 1775993 1933520 1545181 123339 144803 179196 179328 1082936 211930 1333276 1419949 248014 984760 413441 1070441 441704 1177976 491862 496866 1292172 1333674 1357543 572564 581274 1534121 1542936 642670 1629913 686132 713442 730972 1791507 1796132 742567 755581 776905 812906 2008894 2054308 2080461 902170,111901 585240 747817 2026374
1791117,1353200 9000 1605274 2035829 1189831 234548 244890 1461570 1555429 1759074 2176093 934257 959982 960770 971822 432905 434748 493773 527687 1286178 1355156 579672 1412159 645087 1571054 690944 713415 1741432 746235 859048 2124790 883158 2191755,1437516 1818840 2003865 372066 1399891 841490 893318
1794918,1522159 469737 1206447 1489700 663371 1894509,1157778 454620 462223 1933668 1956053 2049275
1797498,61634 1960145 1061153 1698518 298042 1055591 616915 1819128 1888681 2241994,1250955 1508668 298042 324316 429894 1055591 616915 702789 1888681 2046764 2241994
744229,217610 262598 357291 2121814,368136 698091
1825454,18678 963691 53848 69448 1644475 1857150 2101980 1102454 1293785 1315215 1599441 279011 334218 982832 453646 484607 1217409 1328120 1641512 1776886 777364 2025848,1875042 216708 1292070 296458 1957148 400462 441545 451299 1178418 561422 1369092 1572884 1619928 760625 799349 1952096 2213995
1825527,1346619 1553651 1599716 1861813 2043736 907049,1333822 1610819 136306 1775001 2247731 932460 1107388 558555 565545 1536143 1616065 679244
751219,15233 1509594 1852176 1412688 137245 143769 1220243 1247409 1559885 1875547 346219 1054644 1103703 465645 1200175 1260497 538857 1337531 1417444 590093 623870 651603 2031208 841653 855366 860633 2131019 896864 922578 2258511,1559885 590093
1831870,15596 77004 1048820 322893 2056642 1048167 475923 1228818 1244024 1387624 631728 1651289 2143579,1095461 2079006 33947 67631 1246432 1417767 1596210 1676272 127576 149017 181057 1076091 1455722 1608771 327160 2119290 386450 466632 468247 475838 1173143 1243561 1270963 603544 631938 642900 667676 678308 679749 1678692 741101 1862282 2135784 892303 905068 924326 2251988
1840008,12530 2251807 1972517 1538488 164089 1043869 1110028 293007 991451 1160018 483037 1215385 1256530 1349519 1432761 637972 1569764 659865 1603009 662407 1615837 672252 1636934 705254 1752142 733017 1806946 756548 1889599 1915967 823569 2083666 2087198 865655 874514,13980 82511 1372607 207774 1513176 328252 421080 1049252 1182884 1371947 1885415 1915636 2004843 2045933 2171991
758977,28487 1248082 253435 1677177 814600 904845,363170
759165,2188868 185586 971654 407271 457501 492232 562547 694100 1793927 1952282 2053025,844331
1858064,123741 226119 1695571 1898131 432843 497414 1901812 2037323,2144943
764894,1174995 753816,1051230 1324958 745874
1864220,18710 197981 1375183 1375712 317846 1883216 989514 1169776 565572 1484164 1576750 680873 1930722 2031579 2073191 888729,2013971
1874580,2047428 301291 1855671 317425 348434 2109527 1085424 1100718 502017 1457573 1617655 1655990 750040 784134 2152642,471931 1471389 1511315 739587 773403
1888088,98943 104712 2177412 162201 1531209 1831316 330373 953951 599725 614550 867615,212097 377388
782899,1843138 1128947 236045 1639764 291573 1727440 338049 1058422 1062092 1131719 1139905 1230890 1244330 1272088 1314560 544705 1330047 1448693 1665029 1714511 1831490 1846660 1981977 2041783 2174010 2242652,31876 1097474 1153282 1587016 669891 725940 847410 848955
788657,972046 60148 97179 126258 1946306 1034602 1086948 192781 266418 1751045 1840909 1005996 1015803 1059214 437160 465105 468154 477559 489028 1255759 543021 1316991 1417039 1452849 1536442 670854 1670255 1713277 730982 735221 1841350 775020 2011760 832217 859181 2166007 909700,1633314 1725417 2183947 2210355 384738 1214412 1676101 1829924 763495 2086215 861365 2201485 915644
1919739,1682593 299366 2087512 1211215 1343203 743093 752553 1885752 2087329 2241233,1749712 311469 1534281
792210,199938 1659900,147331 167246 180824 265485 1295289 1530283 847705 871247 2130860 2148978
1926665,1619053 46945 2007388 1021524 1289627 1684257 2102547 375359 2256161 1028379 497512 502658 526867 587734 1635086 1868350 857423 2248611 2257450,221765 1544998 586600 613152 1629797 687507 1731040 1786070 784974 888247 912657
1934306,1226313,1443385 899863
1935768,109017 202708 1369619 1622817,92182 1879052 1174238 213532 1322323 284111 473068 1237188 1375195 1385218 1449531 610887 619413 1684483 723369 1799758 2191270
799795,1368789 68357 157818 226695 1577611 2158904 371914 2008707 2201619 918144,1586430 1170789
800471,1240812 424379 495130 927201,142885 2039011 1065135 840381 2050679
1946736,710352 828435,498669
1952477,3436 1447144 1942182 245860 1460055 499759 1223210 1380546 1381518 1632981 2218182 2232250,1813220 1912341 105547 1778696 158533 1005772 235543 311722 314801 2169770 388456 1335989 1339109 1394228 1395591 1470820 1527856 1723259 1780943 2019080 2056150 891359 2246177 2257964
1956718,1881208 1074703 1189350 1002785 394867 1088231 1166778 1201325 1312466 555386 580174 1599345 694550 1841983 2201590,1189350 1002785 922332
806504,48653 2073406 163610 1104642 2016777 2089255 955073 1154153 1702507 726681 747138 818604 846002 2153501 2189306,1170540 774647
1962066,1227317 10647 33021 948899 1772202 151662 161161 989029 179171 1101501 1191273 1291349 1306343 310849 325750 344026 1081391 472374 476687 525627 557081 1614010 1735880 1766204 831448 2033864 876887 2133916 2155863 888334 2253896,1812764 1035995 75728 1151825 1014740 1763374 309753 1315875 2050179
815853,157220 273942 950497 993511 486323 1241021 608827 1482615 1692622 749568 751943,1110508 39222 1613564 1029700 104267 114827 141665 161839 179676 1196679 228245 317212 2119957 431184 1199684 500190 1282009 1513849 1715715 1731220 1780912 1998107 2032086 2069750 2073953
1986564,1157471 60522 117245 117245 1018713 232919 266730 266730 267999 1744791 2121640 367739 2205879 1166447 504564 1256741 1920122 822076,62407 939586 2009119 975397 1465052 534107 540674 1391087 631256 1716141 731202 1955404 2020106 2127174 910026 2253656
1988208,10903 1255883 63141 160532 226261 1395436 329155 329155 991877 433089 433089 1154266 1472253 1472253 1611954 1664592 1767240 766589 782493 2024041 2040799 2040799 2189653,553110
822373,49739 1119439 1131007 95980 2174469 956718 187507 1181196 1423364 1491755 1558474 1809419 2033986 2113861 394167 412744 440185 1119883 464070 505534 514211 547275 1350299 1389708 1461387 628346 1543277 1692700 1728564 712160 752640 782963 1956527 2014569 2055157 2127583 2144285 2188644 905154 2210808,1605017 2011924 1135590 501925 1713394
2023317,31356 42952 62099 932860 1164920 1198602 1276626 1352462 1641499 966093 1003599 1045798 1375416 1412457 1607403 1868241 2144005 392426 448730 1092214 1098027 517793 1257161 571624 629305 1692827 786494 2112687,240785 2083748
2029528,14186 1424126 1795890 149658 185106 1088510 209696 219042 244681 1513343 264240 1576295 356915 406375 1205224 1206469 550345 568560 1391100 586151 1480981 1842564 793699 826597 830018 843571 845616 2066718 2074395 873369 879580,45812 2137188 952917 320803 1279577 754570 2065900
2034370,1792555,367310 670622
839076,1891387 2113795 1030934 647725 650338 662866 734416 1799440 2037950,2188146 442594 674882
839730,266896 318094,185753 613004
840578,1767661 147969 1106310 247504 278665 1675102 2015199 2088455 394186 426002 436593 463998 1454520 637169 1676832 1738715 1757547 1832200 2104497 2169413 2258466,25740 445291 1415283 1583297 1746002 1835090 1854479 2187552
842002,27767 1165846 1417106 1220459 1140361 1319477 1410212 1512397 1880026 1888845 323281 324990 1998960 1025417 1030979 435559 505683 533245 1451829 1458916 605298 1542018 720653 1908524 827922 2058542,2001890 1232620 1719060 741371 1916187
2054114,1312414 291738 1730475 2182589 429705 1371907 1792999 766641 1920297 2098123 2102847 2168414,35201 1996825 952312 969576 1071778 1131159 1149530 1432471 1497251 1600631 698929 1739060 728225
2056729,1045131 2176842 74482 132930 2193250 192427 289296 1736161 1968906 930500 405711 506411 533294 605681 1563156 1677437 732748 1831337 1962093 2054412 2192301 917603 922923,1445688
2061899,2138072 2223856 969886 304939 451248 1136528 1276428 595643 1699399,1194086 2256933 950175 1360951 1285429 1541603 273129 308460 958739 449521 550124 1336204 1581202 1626768 1634851 679077 1684978 1744513 1955375 1976441 884380 2183670
2062145,687926,2103093
851337,961299 1331723 47119 63722 2245950 2252244 1028843 179695 1101163 1110057 1202502 247498 316784 326641 341074 2031448 2093693 2218454 1103563 465756 534622 595917 1447643 1469956 1517778 1532467 1589987 656524 668216 670696 706657 1720429 1771189 729869 730513 735055 736387 1805579 1834561 789523 1952936 1985743 828800 836839 903669 2225180 2232296,1497117
853883,57429 1235055 1825419 1093019 294175 1828753 311199 2169245 2197363 399814 502889 1227095 505997 1354001 581362 1484643 639590 1568274 657472 658338 1698569 1700207 1745697 782714 2062140 2087492 896537,44424 2183110 1047478 1196344 1462811 1478009 728187
854111,1216051 71543 1212639 119434 146267 205505 1210040 1711555 312129 2134946 2186602 393275 962693 1114788 1143438 1297458 585870 616022 623063 1580875 1617564 1884767 1906034 794852 1931635 823977 864832 2238751,108160 1599068 1668930 383190
2076334,10506 1031754 1036647 43955 148895 1300883 1315431 1546386 281217 1824862 322884 1933769 353153 377438 381771 1174636 1214093 1324378 1325320 1369260 1408154 594084 1487189 615727 1505903 1510604 1639145 704126 721997 1811420 1922604 1954133 808876 885782,633596
2083612,1641425 315922 467380 1664634,2050537
859083,1048707 83180 1541058 993517 223131 236230 1623075 342149 419224 425715 1087934 474646 1252793 516987 1387432 1479197 1513522 721405 787865 907281,2164009 1207019 1377702 99201 1086442 1101465 203061 212356 1407363 2075383 354855 361194 372665 949458 424807 1511970 1868731 1872415 1984120 2049837 891461
2103157,2011590 170709 1001617 1077397 1473891 251382 1165554 1529539 718232,1862447 2063399 858488 2189885 2193158
2104032,1571386,31619 159626 167704 219621 1306913 1665440 961311 1089862 1112703 1285849 1332545 1343410 1484559 1612315 1757712 1801532 1999132 836286 2222841 2254754
2114273,61909 102239 2028412 936909 958959 175279 210182 1446972 264286 272848 1609311 283969 2036709 1020330 1137394 471930 548437 635220 799502 2034427 2088790,1609311 1939501 490117 521551 549649 1572412 2039671 895018
2115265,2220194,28324 2249406 1621692 289842 2224777 1011562 815138 2059996
2115522,56619 1116999 1484716 942360 1607774 1789210 1953160 2126412 970671 605900 618276 1602701 1871762 1930971,42831 52239 1635785 211047 1464538 1695068 313929 322795 352774 944664 410937 1172774 492001 546496 648610 761022 831087 2036113 2251007
870945,1942949 1655992,1767228 63238 942621 1699143 186605 206536 244611 2121296 371125 399014 403667 1039042 450626 1454884 688676 1681325 2002714 864910 2142495 2158979 2162414 896913
2118359,69080 1774592,1377960 254565
2119379,49973 60287 90304 935561 1571677 1604559 985755 1237112 1479614 1974084 850002 2229308,510508
2119498,965542 233924 421761 1378730 1539946 1721258 1856894 2072428,939548 1627450
2121683,1049191 1743352 160925 1163364 1666108 299858 1771988 1906403 2013865 2206999 433850 1087527 461014 1273965 555406 576819 1400813 1639853 754972 1932888 1937611 2026125 870596,1439884 17626 1349808 161534 1003051 173413 1151973 2018486 380932 1015777 1143899 1226332 1274623 562655 1481986 674631 1990088 850429 854256 2084449 887913
2122212,1011743 46189 2098803 1031841 1280606 2228660 433459 1124615 1922929 1963001 1990232 2002976,1963001
2122991,1358270 254893 296892 934173 1141276 1346730 794074,2034276
875425,1173440 115478 1909134 1094811 1532803 1833127,1147615 1051765 1418684 1682204 2087918
2138263,39423 941557 1083749 587062,972128 153029 308365 1118569
881158,149935 1084355 1169380 227003 1562494 312148 1886845 2222921 2223144 1055265 1065378 500266 542200 1526314 640736 1612793 667915 1633862 676645 690893 794683 850365,60791 2005844 186475 1458643 255791 274844 1625665 276425 303235 328972 2107519 1458362 1508267 661241 706315 1815155 753009 769827 2017162 859438
2141761,954506 2194410 535881 1449075 1599530,1466519 1371047 1949055 811935
2157075,1681442 294828 989079 477992 1280293 1503839 1567297 718275 861266,1914713 541340
890079,1231788 1454972 1860150 386814 436237 523825 680639 1844400 772055 821216 843634 2250242,1025672 98020 954703 372964 973107 486200 1285222 667301 1744690 828069 2012435
2162219,1430972 248708 300023 1007858 1112127 1193878 502536 1335864 576098 1448560 642890 662039 845290 847394,687339 772989
894111,1210234,21469
894848,1772379 190632 425772 729333 1999623,421662 1416317 1521772
2176177,36730 84300 103134 1534755 1603194 1896938 330213 2239745 436945 1105456 593993 1527201 635334 1579201 1583713 1723028 1743473 1922564 2012162 882254 2233315 924059,47695 2151559 2233589 86145 86571 1808178 130396 1345679 244448 256298 293419 1941738 359891 361924 429198 1446820 1447205 1583245 1675297
898114,2058718 75006 1889404 321279 447798 474443 1172394 1263122 1268298 564409 748553 773604 783466 849667 909402,2175090 1759160 1908669 2191630 566301 1400086 697674 734803 2113632 927569
900090,1930297 375989,17233 129386
901873,5893 1815641 1474470 1917383 59973 1233550 1351092 1366529 140797 1383038 1417860 255619 1972403 2160357 381054 466520 1262561 1294373 1306078 1423703 1529217 1664069 1951150 2129505 2152814 898526,2139518 1995354 1130400 1313939 107465 1110171 1214691 1469319 255063 1606610 1692161 312348 433313 1190795 1253546 1301632 1335915 562304 1383290 1470717 624070 1530051 1531446 1613151 1660083 893354 896630 902195
902703,111668,1575555
2194073,97173 121903 2207540 1549797 1811010 964565 1499142 1570987 1764725 1782497 767603 1926867,1754444 2100478 1108304 261518 280837 283014 1718873 426382 1047959 545317 1692199 1729425 814281 2062347 867102
905819,1477747 1495144 1975165 24880 2176239 187777 1227313 1558912 1777340 1824806 1915540 2072267 2081433 383050 935489 1022478 1061674 464186 472284 1311399 1407369 586180 610094 1534070 1544767 1633604 1807849 768839 1872275 772253 1900688 787470 1966440 2055658 872230 2132604 2158539 928085,2030468 1217941 953792 1064351 1419423 1584683 1864973 788274 2001042 2246622
906703,2152590,2152590 1839383 515706 1907270 1970699
907091,124308 137008 1245534 1952041 360846 478412 1340962 1486517 1612333 1630220 687730 699282 1778131 1778428 2120965 873110 2226316,11934 1786325
2203312,1055806 408674 413314 1846700 765706 782067 789141 1966730 2248563,1635843
907889,61422 200055 219866 1700432 1171427 1194497 507394 1708491 1772988 1888669 904101,75568 1660758 331753 338196 384061 521459 684340 2125460
2206641,1499638 1628227 2161264 1690014 143166 1366155 457408 1151677 1224615 1415837 664662 667146 1683338 898466,16130 161307 335838
2207288,2256694 1691066 1045137 1165141 1310524 1448554 1605978 2102646 2246234 931159 966775 985997 1014266 459141 1146706 1165309 1255518 1289480 1397756 1433490 657445 669868 682055 1671999 693800 719267 1750022 757688 769037 1885829 793551 1938450 2055804 2084018 2105630 889830 2175304,2105630
2211962,2159587 996589 1983580 1214528 237589 1527018 261224 311989 1960160 1978075 2254003 1153048 551634 1338833 1526140 1582615 685488 1772632 741186 741241 830601 878830,67297 1481688 184480 187224 1147900 213886 215952 1407341 253221 1501178 2055468 355079 367290 391511 997755 449381 1266413 580265 1441396 1447930 1527731 631420 641525 1689150 714033 1947483 808171 816624 881707 2159288 901001 2258909
2213504,1750012 1899066 2093902 1612457 1761141 2015319 2075580 1028365 465638 1143180 1208768 1232383 1262507 1356826 1514413 1698730 722537 1853207 1922295 2015909 2088190 2113959 877203 910510,1241096 1436335 1372658 571893 613373 688097 851977 883115
2221928,234426 1040714,1426296 2086883
2228713,1962302 2087696 403583 434885 2066157 858216,1578025
2246380,981544 54131 1078410 132728 367089 1005027 482372 516151 523055 1790588 753136 1922657 2240705,14508 1946036 361147 949918 467062 1365741 713482 1825660 870222
2251236,2202063 1104511 198231 273583 1638616 346451 589738 1898132,855363
2260207,1808747 1330727 1346318 1486774 1638282 1806919 1820966 815613 2093461,40345 1867852 73203 1048379 1057070 1708608 132217 182631 265169 267569 1609459 1838685 337218 2055803 354674 2126042 2192071 390344 391784 988106 419801 425696 434754 1074929 1126800 474474 504159 534602 539425 1349931 1461363 622190 1535886 659887 1600969 1605496 673372 686172 690836 1878017 1963797 818866 2038444 2051213 2056485 2131200 886898 2205684 2214617
2263013,477362 1418573 1516426,402302
933554,1428340 1710846 193091 1358519 1679269 1950074 2018048 2069925 1218067 620205 633795 670615 1722617 719159 1871219 1935093 1940143 817995 2089965 2155446,1514709 1515629 1759954
2267630,13300 1423853 1976089 61590 1512194 118137 171372 1217131 1342661 1741596 1009581 1026657 546775 889407 892176 2257469,34220 1807829 153581 1385236 1438588 1534206 1603382 310510 1926527 2077015 2180958 940899 953127 398026 405320 1040197 1143732 1199052 1228480 1277647 1291016 1319312 1393996 1420750 1604991 1661546 686720 1676324 1742382 1749094 726981 1800848 1802287 1808301 756240 1970452 877325 878179 897855 907893
2267778,1031525,1371299 1571389 727900
2267955,1414920 53645 1516540 1661759 2177331 215427 1471217 345115 1025176 424246 1038670 1127069 484303 1250584 637952 709543 752895 811619 813606 815684 2017271 854051 916837 2255785,28823
2268047,1701367 20868 991711 1329953 380687 459741 707219 1894274 1914573 2030267 916804,1701367 991711 217826 1329953 1393015 380687 459741 1481974 1550779 707219 1894274 1914573 2030267 2126697 916804
2268158,1153302 956081 956081 988067 172203 1440992 269541 1620434 1663198 310604 1001781 482104 1354380 561985 1613985 2235498,956081 956081 956081
2274253,22049 1096038 98232 1990528 154033 983614 1017447 185938 1152548 199598 216344 1492237 1508036 1620015 1829735 1953583 2012260 342030 2056967 2241907 382850 385892 392753 956293 396796 973230 402585 1009069 427908 1139456 1214931 1310969 1328791 1363411 1386716 1513291 1594171 1701993 759653 767995 774658 775968 1885392 1956468 2055397 2185991 2186841 2218986,625887
936887,62716 1495684 323216 440050 1502523,1685088 161151 1032186 180994 1106113 274671 1820676 315172 2111606 377595 940628 390085 1275687 529256 616304 1548819 640948 1656268 2043282 2078971 2236382
2278636,1484792 971195 1060395 1406819 1806732 141588 161096 173798 1126448 1219669 230054 268257 1630762 1635468 1894584 341060 358483 1008049 418699 430468 1208333 534432 1362592 608339 1571921 1685930 704259 1766993 1798494 778791 843005 2066277,1958812
2285975,162153 373642 967471 1108098 1546911 665638 669474 673366 740867 801373 1957767 816848 2028851,15640 78087 1239169 1559189 1799735 1802003 132462 2057161 192840 206756 1287653 1326559 1411877 1860761 320347 2174136 975658 405368 423663 1049557 444441 1279138 1440965 1668925 698345 704225 1809171 1863131 2052892 855494 2118052 2241853
943778,1389638,2095791
